{
  "dataset_key": "patient_doctor_qa_tr_1500",
  "model_key": "multilingual_e5_large",
  "num_pairs": 1500,
  "similarity": "angle",
  "top_k": 5,
  "q_to_a_top1": 0.32666666666666666,
  "q_to_a_top5": 0.5566666666666666,
  "a_to_q_top1": 0.464,
  "a_to_q_top5": 0.7553333333333333
}