{
  "dataset_key": "patient_doctor_qa_tr_1500",
  "model_key": "bge_m3",
  "num_pairs": 1500,
  "similarity": "angle",
  "top_k": 5,
  "q_to_a_top1": 0.4886666666666667,
  "q_to_a_top5": 0.786,
  "a_to_q_top1": 0.44866666666666666,
  "a_to_q_top5": 0.7333333333333333
}