{
  "dataset_key": "patient_doctor_qa_tr_1500",
  "model_key": "multilingual_e5_large_instruct",
  "num_pairs": 1500,
  "similarity": "angle",
  "top_k": 5,
  "q_to_a_top1": 0.44666666666666666,
  "q_to_a_top5": 0.7266666666666667,
  "a_to_q_top1": 0.492,
  "a_to_q_top5": 0.8006666666666666
}