{
  "dataset_key": "patient_doctor_qa_tr_1500",
  "model_key": "kalm_embedding_multilingual_mini",
  "num_pairs": 1500,
  "similarity": "angle",
  "top_k": 5,
  "q_to_a_top1": 0.2673333333333333,
  "q_to_a_top5": 0.49866666666666665,
  "a_to_q_top1": 0.2813333333333333,
  "a_to_q_top5": 0.5253333333333333
}